date,count,uniques
2026-08-10,0,0
2026-08-11,0,0
2026-08-12,0,0
2026-08-13,0,0
2026-08-14,0,0
2026-08-15,0,0
2026-08-16,0,0
2026-08-17,0,0
2026-08-18,0,0
2026-08-19,0,0
2026-08-20,0,0
2026-08-21,0,0
2026-08-22,0,0
2026-08-23,73,24
2026-08-24,32,16
2026-08-25,6,6
2026-08-26,4,4
2026-08-27,4,4
2026-08-28,11,5
2026-08-29,4,4
2026-08-30,17,5
2026-08-31,13,7
2026-09-01,5,3
2026-09-02,14,4
2026-09-03,4,2
2026-09-04,9,3
2026-09-05,9,7
2026-09-06,4,2
2026-09-07,4,2
2026-09-08,20,6
2026-09-09,14,8
2026-09-10,38,18
2026-09-11,11,9
2026-09-12,8,6
2026-09-13,8,6
2026-09-14,9,7
2026-09-15,6,4
2026-09-16,7,5
2026-09-17,5,3
2026-09-18,17,11
2026-09-19,5,3
